SalesOrder;PartnerFunction;Customer;Supplier;AddressID
"1";"SP";"17100001";"";"22900"
"1";"BP";"17100001";"";"22900"
"1";"PY";"17100001";"";"22900"
"1";"SH";"17100001";"";"22900"
"2";"SP";"17100001";"";"22900"
"2";"BP";"17100001";"";"22900"
"2";"PY";"17100001";"";"22900"
"2";"SH";"17100001";"";"22900"
"3";"SP";"17100001";"";"22900"
"3";"BP";"17100001";"";"22900"
"3";"PY";"17100001";"";"22900"
"3";"SH";"17100001";"";"22900"
"4";"SP";"17100001";"";"22900"
"4";"BP";"17100001";"";"22900"
"4";"PY";"17100001";"";"22900"
"4";"SH";"17100001";"";"22900"
"6";"SP";"17100001";"";"22900"
"6";"BP";"17100001";"";"22900"
"6";"PY";"17100001";"";"22900"
"6";"SH";"17100001";"";"22900"
"7";"SP";"17100001";"";"22900"
"7";"BP";"17100001";"";"22900"
"7";"PY";"17100001";"";"22900"
"7";"SH";"17100001";"";"22900"
"8";"SP";"17100001";"";"22900"
"8";"BP";"17100001";"";"22900"
"8";"PY";"17100001";"";"22900"
"8";"SH";"17100001";"";"22900"
"10";"SP";"USCU-CUS02";"";"23534"
"10";"BP";"USCU-CUS02";"";"23534"
"10";"PY";"USCU-CUS02";"";"23534"
"10";"SH";"USCU-CUS02";"";"23534"
"13";"SP";"17100003";"";"22934"
"13";"BP";"17100003";"";"22934"
"13";"PY";"17100003";"";"22934"
"13";"SH";"17100003";"";"22934"
"14";"SP";"USCU-CUS01";"";"23520"
"14";"BP";"USCU-CUS01";"";"23520"
"14";"PY";"USCU-CUS01";"";"23520"
"14";"SH";"USCU-CUS01";"";"23520"
"15";"SP";"USCU-CUS01";"";"23520"
"15";"BP";"USCU-CUS01";"";"23520"
"15";"PY";"USCU-CUS01";"";"23520"
"15";"SH";"USCU-CUS01";"";"23520"
"16";"SP";"USCU-CUS02";"";"23534"
"16";"BP";"USCU-CUS02";"";"23534"
"16";"PY";"USCU-CUS02";"";"23534"
"16";"SH";"USCU-CUS02";"";"23534"
"17";"SP";"USCU-CUS03";"";"23537"
"17";"BP";"USCU-CUS03";"";"23537"
"17";"PY";"USCU-CUS03";"";"23537"
"17";"SH";"USCU-CUS03";"";"23537"
"18";"SP";"USCU-CUS04";"";"23674"
"18";"BP";"USCU-CUS04";"";"23674"
"18";"PY";"USCU-CUS04";"";"23674"
"18";"SH";"USCU-CUS04";"";"23674"
"19";"SP";"USCU-CUS05";"";"23541"
"19";"BP";"USCU-CUS05";"";"23541"
"19";"PY";"USCU-CUS05";"";"23541"
"19";"SH";"USCU-CUS05";"";"23541"
"20";"SP";"USCU-CUS06";"";"23543"
"20";"BP";"USCU-CUS06";"";"23543"
"20";"PY";"USCU-CUS06";"";"23543"
"20";"SH";"USCU-CUS06";"";"23543"
"21";"SP";"USCU-CU04";"";"23539"
"21";"BP";"USCU-CU04";"";"23539"
"21";"PY";"USCU-CU04";"";"23539"
"21";"SH";"USCU-CU04";"";"23539"
"22";"SP";"USCU-CUS01";"";"23520"
"22";"BP";"USCU-CUS01";"";"23520"
"22";"PY";"USCU-CUS01";"";"23520"
"22";"SH";"USCU-CUS01";"";"23520"
"23";"SP";"USCU-CUS02";"";"23534"
"23";"BP";"USCU-CUS02";"";"23534"
"23";"PY";"USCU-CUS02";"";"23534"
"23";"SH";"USCU-CUS02";"";"23534"
"24";"SP";"USCU-CUS03";"";"23537"
"24";"BP";"USCU-CUS03";"";"23537"
"24";"PY";"USCU-CUS03";"";"23537"
"24";"SH";"USCU-CUS03";"";"23537"
"25";"SP";"USCU-CUS04";"";"23674"
"25";"BP";"USCU-CUS04";"";"23674"
"25";"PY";"USCU-CUS04";"";"23674"
"25";"SH";"USCU-CUS04";"";"23674"
"26";"SP";"USCU-CUS05";"";"23541"
"26";"BP";"USCU-CUS05";"";"23541"
"26";"PY";"USCU-CUS05";"";"23541"
"26";"SH";"USCU-CUS05";"";"23541"
"27";"SP";"USCU-CUS06";"";"23543"
"27";"BP";"USCU-CUS06";"";"23543"
"27";"PY";"USCU-CUS06";"";"23543"
"27";"SH";"USCU-CUS06";"";"23543"
"28";"SP";"USCU-CUS01";"";"23520"
"28";"BP";"USCU-CUS01";"";"23520"
"28";"PY";"USCU-CUS01";"";"23520"
"28";"SH";"USCU-CUS01";"";"23520"
"29";"SP";"USCU-CUS02";"";"23534"
"29";"BP";"USCU-CUS02";"";"23534"
"29";"PY";"USCU-CUS02";"";"23534"
"29";"SH";"USCU-CUS02";"";"23534"
"30";"SP";"USCU-CUS03";"";"23537"
"30";"BP";"USCU-CUS03";"";"23537"
"30";"PY";"USCU-CUS03";"";"23537"
"30";"SH";"USCU-CUS03";"";"23537"
"31";"SP";"USCU-CUS04";"";"23674"
"31";"BP";"USCU-CUS04";"";"23674"
"31";"PY";"USCU-CUS04";"";"23674"
"31";"SH";"USCU-CUS04";"";"23674"
"32";"SP";"USCU-CUS05";"";"23541"
"32";"BP";"USCU-CUS05";"";"23541"
"32";"PY";"USCU-CUS05";"";"23541"
"32";"SH";"USCU-CUS05";"";"23541"
"33";"SP";"USCU-CUS06";"";"23543"
"33";"BP";"USCU-CUS06";"";"23543"
"33";"PY";"USCU-CUS06";"";"23543"
"33";"SH";"USCU-CUS06";"";"23543"
"34";"SP";"17100001";"";"22900"
"34";"BP";"17100001";"";"22900"
"34";"PY";"17100001";"";"22900"
"34";"SH";"17100001";"";"22900"
"37";"SP";"17100001";"";"22900"
"37";"BP";"17100001";"";"22900"
"37";"PY";"17100001";"";"22900"
"37";"SH";"17100001";"";"22900"
"38";"SP";"17100001";"";"22900"
"38";"BP";"17100001";"";"22900"
"38";"PY";"17100001";"";"22900"
"38";"SH";"17100001";"";"22900"
"39";"SP";"17100001";"";"22900"
"39";"BP";"17100001";"";"22900"
"39";"PY";"17100001";"";"22900"
"39";"SH";"17100001";"";"22900"
"40";"SP";"17100001";"";"22900"
"40";"BP";"17100001";"";"22900"
"40";"PY";"17100001";"";"22900"
"40";"SH";"17100001";"";"22900"
"41";"SP";"17100001";"";"22900"
"41";"BP";"17100001";"";"22900"
"41";"PY";"17100001";"";"22900"
"41";"SH";"17100001";"";"22900"
"46";"SP";"USCU-CUS07";"";"23545"
"46";"BP";"USCU-CUS07";"";"23545"
"46";"PY";"USCU-CUS07";"";"23545"
"46";"SH";"USCU-CUS07";"";"23545"
"48";"SP";"17100001";"";"22900"
"48";"BP";"17100001";"";"22900"
"48";"PY";"17100001";"";"22900"
"48";"SH";"17100001";"";"22900"
"53";"SP";"USCU-CUS24";"";"23775"
"53";"BP";"USCU-CUS24";"";"23775"
"53";"PY";"USCU-CUS24";"";"23775"
"53";"SH";"USCU-CUS24";"";"23775"
"54";"SP";"USCU-CUS24";"";"23775"
"54";"BP";"USCU-CUS24";"";"23775"
"54";"PY";"USCU-CUS24";"";"23775"
"54";"SH";"USCU-CUS24";"";"23775"
"56";"SP";"USCU-CUS24";"";"23775"
"56";"BP";"USCU-CUS24";"";"23775"
"56";"PY";"USCU-CUS24";"";"23775"
"56";"SH";"USCU-CUS24";"";"23775"
"57";"SP";"USCU-CUS24";"";"23775"
"57";"BP";"USCU-CUS24";"";"23775"
"57";"PY";"USCU-CUS24";"";"23775"
"57";"SH";"USCU-CUS24";"";"23775"
"79";"SP";"USCU-CUS21";"";"23718"
"79";"BP";"USCU-CUS21";"";"23718"
"79";"PY";"USCU-CUS21";"";"23718"
"79";"SH";"USCU-CUS21";"";"23718"
"80";"SP";"USCU-CUS21";"";"23718"
"80";"BP";"USCU-CUS21";"";"23718"
"80";"PY";"USCU-CUS21";"";"23718"
"80";"SH";"USCU-CUS21";"";"23718"
"81";"SP";"USCU-CUS21";"";"23718"
"81";"BP";"USCU-CUS21";"";"23718"
"81";"PY";"USCU-CUS21";"";"23718"
"81";"SH";"USCU-CUS21";"";"23718"
"82";"SP";"USCU-CUS24";"";"23775"
"82";"BP";"USCU-CUS24";"";"23775"
"82";"PY";"USCU-CUS24";"";"23775"
"82";"SH";"USCU-CUS24";"";"23775"
"83";"SP";"USCU-CUS21";"";"23718"
"83";"BP";"USCU-CUS21";"";"23718"
"83";"PY";"USCU-CUS21";"";"23718"
"83";"SH";"USCU-CUS21";"";"23718"
"84";"SP";"USCU-CUS21";"";"23718"
"84";"BP";"USCU-CUS21";"";"23718"
"84";"PY";"USCU-CUS21";"";"23718"
"84";"SH";"USCU-CUS21";"";"23718"
"85";"SP";"USCU-CUS21";"";"23718"
"85";"BP";"USCU-CUS21";"";"23718"
"85";"PY";"USCU-CUS21";"";"23718"
"85";"SH";"USCU-CUS21";"";"23718"
"86";"SP";"USCU-CUS21";"";"23718"
"86";"BP";"USCU-CUS21";"";"23718"
"86";"PY";"USCU-CUS21";"";"23718"
"86";"SH";"USCU-CUS21";"";"23718"
"87";"SP";"USCU-CUS21";"";"23718"
"87";"BP";"USCU-CUS21";"";"23718"
"87";"PY";"USCU-CUS21";"";"23718"
"87";"SH";"USCU-CUS21";"";"23718"
"88";"SP";"USCU-CUS21";"";"23718"
"88";"BP";"USCU-CUS21";"";"23718"
"88";"PY";"USCU-CUS21";"";"23718"
"88";"SH";"USCU-CUS21";"";"23718"
"89";"SP";"USCU-CUS21";"";"23718"
"89";"BP";"USCU-CUS21";"";"23718"
"89";"PY";"USCU-CUS21";"";"23718"
"89";"SH";"USCU-CUS21";"";"23718"
"90";"SP";"USCU-CUS21";"";"23718"
"90";"BP";"USCU-CUS21";"";"23718"
"90";"PY";"USCU-CUS21";"";"23718"
"90";"SH";"USCU-CUS21";"";"23718"
"91";"SP";"USCU-CUS21";"";"23718"
"91";"BP";"USCU-CUS21";"";"23718"
"91";"PY";"USCU-CUS21";"";"23718"
"91";"SH";"USCU-CUS21";"";"23718"
"92";"SP";"USCU-CUS24";"";"23775"
"92";"BP";"USCU-CUS24";"";"23775"
"92";"PY";"USCU-CUS24";"";"23775"
"92";"SH";"USCU-CUS24";"";"23775"
"93";"SP";"USCU-CUS21";"";"23718"
"93";"BP";"USCU-CUS21";"";"23718"
"93";"PY";"USCU-CUS21";"";"23718"
"93";"SH";"USCU-CUS21";"";"23718"
"94";"SP";"USCU-CUS24";"";"23775"
"94";"BP";"USCU-CUS24";"";"23775"
"94";"PY";"USCU-CUS24";"";"23775"
"94";"SH";"USCU-CUS24";"";"23775"
"95";"SP";"USCU-CUS24";"";"23775"
"95";"BP";"USCU-CUS24";"";"23775"
"95";"PY";"USCU-CUS24";"";"23775"
"95";"SH";"USCU-CUS24";"";"23775"
"96";"SP";"USCU-CUS21";"";"23718"
"96";"BP";"USCU-CUS21";"";"23718"
"96";"PY";"USCU-CUS21";"";"23718"
"96";"SH";"USCU-CUS21";"";"23718"
"97";"SP";"USCU-CUS24";"";"23775"
"97";"BP";"USCU-CUS24";"";"23775"
"97";"PY";"USCU-CUS24";"";"23775"
"97";"SH";"USCU-CUS24";"";"23775"
"98";"SP";"USCU-CUS24";"";"23775"
"98";"BP";"USCU-CUS24";"";"23775"
"98";"PY";"USCU-CUS24";"";"23775"
"98";"SH";"USCU-CUS24";"";"23775"
"99";"SP";"USCU-CUS21";"";"23718"
"99";"BP";"USCU-CUS21";"";"23718"
"99";"PY";"USCU-CUS21";"";"23718"
"99";"SH";"USCU-CUS21";"";"23718"
"100";"SP";"USCU-CUS24";"";"23775"
"100";"BP";"USCU-CUS24";"";"23775"
"100";"PY";"USCU-CUS24";"";"23775"
"100";"SH";"USCU-CUS24";"";"23775"
"101";"SP";"USCU-CUS21";"";"23718"
"101";"BP";"USCU-CUS21";"";"23718"
"101";"PY";"USCU-CUS21";"";"23718"
"101";"SH";"USCU-CUS21";"";"23718"
"102";"SP";"USCU-CUS24";"";"23775"
"102";"BP";"USCU-CUS24";"";"23775"
"102";"PY";"USCU-CUS24";"";"23775"
"102";"SH";"USCU-CUS24";"";"23775"
"103";"SP";"USCU-CUS21";"";"23718"
"103";"BP";"USCU-CUS21";"";"23718"
"103";"PY";"USCU-CUS21";"";"23718"
"103";"SH";"USCU-CUS21";"";"23718"
"104";"SP";"USCU-CUS24";"";"23775"
"104";"BP";"USCU-CUS24";"";"23775"
"104";"PY";"USCU-CUS24";"";"23775"
"104";"SH";"USCU-CUS24";"";"23775"
"105";"SP";"USCU-CUS21";"";"23718"
"105";"BP";"USCU-CUS21";"";"23718"
"105";"PY";"USCU-CUS21";"";"23718"
"105";"SH";"USCU-CUS21";"";"23718"
"106";"SP";"USCU-CUS24";"";"23775"
"106";"BP";"USCU-CUS24";"";"23775"
"106";"PY";"USCU-CUS24";"";"23775"
"106";"SH";"USCU-CUS24";"";"23775"
"107";"SP";"USCU-CUS21";"";"23718"
"107";"BP";"USCU-CUS21";"";"23718"
"107";"PY";"USCU-CUS21";"";"23718"
"107";"SH";"USCU-CUS21";"";"23718"
"108";"SP";"USCU-CUS24";"";"23775"
"108";"BP";"USCU-CUS24";"";"23775"
"108";"PY";"USCU-CUS24";"";"23775"
"108";"SH";"USCU-CUS24";"";"23775"
"109";"SP";"USCU-CUS21";"";"23718"
"109";"BP";"USCU-CUS21";"";"23718"
"109";"PY";"USCU-CUS21";"";"23718"
"109";"SH";"USCU-CUS21";"";"23718"
"110";"SP";"USCU-CUS24";"";"23775"
"110";"BP";"USCU-CUS24";"";"23775"
"110";"PY";"USCU-CUS24";"";"23775"
"110";"SH";"USCU-CUS24";"";"23775"
"111";"SP";"USCU-CUS21";"";"23718"
"111";"BP";"USCU-CUS21";"";"23718"
"111";"PY";"USCU-CUS21";"";"23718"
"111";"SH";"USCU-CUS21";"";"23718"
"112";"SP";"USCU-CUS24";"";"23775"
"112";"BP";"USCU-CUS24";"";"23775"
"112";"PY";"USCU-CUS24";"";"23775"
"112";"SH";"USCU-CUS24";"";"23775"
"113";"SP";"USCU-CUS24";"";"23775"
"113";"BP";"USCU-CUS24";"";"23775"
"113";"PY";"USCU-CUS24";"";"23775"
"113";"SH";"USCU-CUS24";"";"23775"
"114";"SP";"USCU-CUS24";"";"23775"
"114";"BP";"USCU-CUS24";"";"23775"
"114";"PY";"USCU-CUS24";"";"23775"
"114";"SH";"USCU-CUS24";"";"23775"
"115";"SP";"USCU-CUS24";"";"23775"
"115";"BP";"USCU-CUS24";"";"23775"
"115";"PY";"USCU-CUS24";"";"23775"
"115";"SH";"USCU-CUS24";"";"23775"
"116";"SP";"USCU-CUS24";"";"23775"
"116";"BP";"USCU-CUS24";"";"23775"
"116";"PY";"USCU-CUS24";"";"23775"
"116";"SH";"USCU-CUS24";"";"23775"
"117";"SP";"USCU-CUS24";"";"23775"
"117";"BP";"USCU-CUS24";"";"23775"
"117";"PY";"USCU-CUS24";"";"23775"
"117";"SH";"USCU-CUS24";"";"23775"
"118";"SP";"USCU-CUS24";"";"23775"
"118";"BP";"USCU-CUS24";"";"23775"
"118";"PY";"USCU-CUS24";"";"23775"
"118";"SH";"USCU-CUS24";"";"23775"
"119";"SP";"USCU-CUS24";"";"23775"
"119";"BP";"USCU-CUS24";"";"23775"
"119";"PY";"USCU-CUS24";"";"23775"
"119";"SH";"USCU-CUS24";"";"23775"
"121";"SP";"USCU-CUS24";"";"23775"
"121";"BP";"USCU-CUS24";"";"23775"
"121";"PY";"USCU-CUS24";"";"23775"
"121";"SH";"USCU-CUS24";"";"23775"
"122";"SP";"USCU-CUS24";"";"23775"
"122";"BP";"USCU-CUS24";"";"23775"
"122";"PY";"USCU-CUS24";"";"23775"
"122";"SH";"USCU-CUS24";"";"23775"
"123";"SP";"USCU-CUS24";"";"23775"
"123";"BP";"USCU-CUS24";"";"23775"
"123";"PY";"USCU-CUS24";"";"23775"
"123";"SH";"USCU-CUS24";"";"23775"
"124";"SP";"USCU-CUS24";"";"23775"
"124";"BP";"USCU-CUS24";"";"23775"
"124";"PY";"USCU-CUS24";"";"23775"
"124";"SH";"USCU-CUS24";"";"23775"
"125";"SP";"USCU-CUS24";"";"23775"
"125";"BP";"USCU-CUS24";"";"23775"
"125";"PY";"USCU-CUS24";"";"23775"
"125";"SH";"USCU-CUS24";"";"23775"
"126";"SP";"USCU-CUS24";"";"23775"
"126";"BP";"USCU-CUS24";"";"23775"
"126";"PY";"USCU-CUS24";"";"23775"
"126";"SH";"USCU-CUS24";"";"23775"
"134";"SP";"USCU-CUS22";"";"23717"
"134";"BP";"USCU-CUS22";"";"23717"
"134";"PY";"USCU-CUS22";"";"23717"
"134";"SH";"USCU-CUS22";"";"23717"
"136";"SP";"USCU-CUS22";"";"23717"
"136";"BP";"USCU-CUS22";"";"23717"
"136";"PY";"USCU-CUS22";"";"23717"
"136";"SH";"USCU-CUS22";"";"23717"
"140";"SP";"USCU-CUS22";"";"23717"
"140";"BP";"USCU-CUS22";"";"23717"
"140";"PY";"USCU-CUS22";"";"23717"
"140";"SH";"USCU-CUS22";"";"23717"
"141";"SP";"USCU-CUS07";"";"23545"
"141";"BP";"USCU-CUS07";"";"23545"
"141";"PY";"USCU-CUS07";"";"23545"
"141";"SH";"USCU-CUS07";"";"23545"
"142";"SP";"USCU-CUS08";"";"23547"
"142";"BP";"USCU-CUS08";"";"23547"
"142";"PY";"USCU-CUS08";"";"23547"
"142";"SH";"USCU-CUS08";"";"23547"
"143";"SP";"USCU-CUS09";"";"23783"
"143";"BP";"USCU-CUS09";"";"23783"
"143";"PY";"USCU-CUS09";"";"23783"
"143";"SH";"USCU-CUS09";"";"23783"
"144";"SP";"USCU-CUS07";"";"23545"
"144";"BP";"USCU-CUS07";"";"23545"
"144";"PY";"USCU-CUS07";"";"23545"
"144";"SH";"USCU-CUS07";"";"23545"
"145";"SP";"USCU-CUS08";"";"23547"
"145";"BP";"USCU-CUS08";"";"23547"
"145";"PY";"USCU-CUS08";"";"23547"
"145";"SH";"USCU-CUS08";"";"23547"
"146";"SP";"USCU-CUS09";"";"23783"
"146";"BP";"USCU-CUS09";"";"23783"
"146";"PY";"USCU-CUS09";"";"23783"
"146";"SH";"USCU-CUS09";"";"23783"
"147";"SP";"USCU-CUS07";"";"23545"
"147";"BP";"USCU-CUS07";"";"23545"
"147";"PY";"USCU-CUS07";"";"23545"
"147";"SH";"USCU-CUS07";"";"23545"
"148";"SP";"USCU-CUS08";"";"23547"
"148";"BP";"USCU-CUS08";"";"23547"
"148";"PY";"USCU-CUS08";"";"23547"
"148";"SH";"USCU-CUS08";"";"23547"
"149";"SP";"USCU-CUS09";"";"23783"
"149";"BP";"USCU-CUS09";"";"23783"
"149";"PY";"USCU-CUS09";"";"23783"
"149";"SH";"USCU-CUS09";"";"23783"
"150";"SP";"USCU-CUS07";"";"23545"
"150";"BP";"USCU-CUS07";"";"23545"
"150";"PY";"USCU-CUS07";"";"23545"
"150";"SH";"USCU-CUS07";"";"23545"
"151";"SP";"USCU-CUS08";"";"23547"
"151";"BP";"USCU-CUS08";"";"23547"
"151";"PY";"USCU-CUS08";"";"23547"
"151";"SH";"USCU-CUS08";"";"23547"
"152";"SP";"USCU-CUS09";"";"23783"
"152";"BP";"USCU-CUS09";"";"23783"
"152";"PY";"USCU-CUS09";"";"23783"
"152";"SH";"USCU-CUS09";"";"23783"
"153";"SP";"USCU-CUS07";"";"23545"
"153";"BP";"USCU-CUS07";"";"23545"
"153";"PY";"USCU-CUS07";"";"23545"
"153";"SH";"USCU-CUS07";"";"23545"
"154";"SP";"USCU-CUS08";"";"23547"
"154";"BP";"USCU-CUS08";"";"23547"
"154";"PY";"USCU-CUS08";"";"23547"
"154";"SH";"USCU-CUS08";"";"23547"
"155";"SP";"USCU-CUS09";"";"23783"
"155";"BP";"USCU-CUS09";"";"23783"
"155";"PY";"USCU-CUS09";"";"23783"
"155";"SH";"USCU-CUS09";"";"23783"
"156";"SP";"USCU-CUS07";"";"23545"
"156";"BP";"USCU-CUS07";"";"23545"
"156";"PY";"USCU-CUS07";"";"23545"
"156";"SH";"USCU-CUS07";"";"23545"
"157";"SP";"USCU-CUS08";"";"23547"
"157";"BP";"USCU-CUS08";"";"23547"
"157";"PY";"USCU-CUS08";"";"23547"
"157";"SH";"USCU-CUS08";"";"23547"
"158";"SP";"USCU-CUS09";"";"23783"
"158";"BP";"USCU-CUS09";"";"23783"
"158";"PY";"USCU-CUS09";"";"23783"
"158";"SH";"USCU-CUS09";"";"23783"
"159";"SP";"USCU-CUS07";"";"23545"
"159";"BP";"USCU-CUS07";"";"23545"
"159";"PY";"USCU-CUS07";"";"23545"
"159";"SH";"USCU-CUS07";"";"23545"
"160";"SP";"USCU-CUS08";"";"23547"
"160";"BP";"USCU-CUS08";"";"23547"
"160";"PY";"USCU-CUS08";"";"23547"
"160";"SH";"USCU-CUS08";"";"23547"
"161";"SP";"USCU-CUS09";"";"23783"
"161";"BP";"USCU-CUS09";"";"23783"
"161";"PY";"USCU-CUS09";"";"23783"
"161";"SH";"USCU-CUS09";"";"23783"
"162";"SP";"USCU-CUS07";"";"23545"
"162";"BP";"USCU-CUS07";"";"23545"
"162";"PY";"USCU-CUS07";"";"23545"
"162";"SH";"USCU-CUS07";"";"23545"
"163";"SP";"USCU-CUS08";"";"23547"
"163";"BP";"USCU-CUS08";"";"23547"
"163";"PY";"USCU-CUS08";"";"23547"
"163";"SH";"USCU-CUS08";"";"23547"
"164";"SP";"USCU-CUS09";"";"23783"
"164";"BP";"USCU-CUS09";"";"23783"
"164";"PY";"USCU-CUS09";"";"23783"
"164";"SH";"USCU-CUS09";"";"23783"
"165";"SP";"USCU-CUS07";"";"23545"
"165";"BP";"USCU-CUS07";"";"23545"
"165";"PY";"USCU-CUS07";"";"23545"
"165";"SH";"USCU-CUS07";"";"23545"
"166";"SP";"USCU-CUS08";"";"23547"
"166";"BP";"USCU-CUS08";"";"23547"
"166";"PY";"USCU-CUS08";"";"23547"
"166";"SH";"USCU-CUS08";"";"23547"
"167";"SP";"USCU-CUS09";"";"23783"
"167";"BP";"USCU-CUS09";"";"23783"
"167";"PY";"USCU-CUS09";"";"23783"
"167";"SH";"USCU-CUS09";"";"23783"
"168";"SP";"USCU-CUS07";"";"23545"
"168";"BP";"USCU-CUS07";"";"23545"
"168";"PY";"USCU-CUS07";"";"23545"
"168";"SH";"USCU-CUS07";"";"23545"
"169";"SP";"USCU-CUS08";"";"23547"
"169";"BP";"USCU-CUS08";"";"23547"
"169";"PY";"USCU-CUS08";"";"23547"
"169";"SH";"USCU-CUS08";"";"23547"
"170";"SP";"USCU-CUS09";"";"23783"
"170";"BP";"USCU-CUS09";"";"23783"
"170";"PY";"USCU-CUS09";"";"23783"
"170";"SH";"USCU-CUS09";"";"23783"
"171";"SP";"USCU-CUS07";"";"23545"
"171";"BP";"USCU-CUS07";"";"23545"
"171";"PY";"USCU-CUS07";"";"23545"
"171";"SH";"USCU-CUS07";"";"23545"
"172";"SP";"USCU-CUS08";"";"23547"
"172";"BP";"USCU-CUS08";"";"23547"
"172";"PY";"USCU-CUS08";"";"23547"
"172";"SH";"USCU-CUS08";"";"23547"
"173";"SP";"USCU-CUS09";"";"23783"
"173";"BP";"USCU-CUS09";"";"23783"
"173";"PY";"USCU-CUS09";"";"23783"
"173";"SH";"USCU-CUS09";"";"23783"
"174";"SP";"USCU-CUS07";"";"23545"
"174";"BP";"USCU-CUS07";"";"23545"
"174";"PY";"USCU-CUS07";"";"23545"
"174";"SH";"USCU-CUS07";"";"23545"
"175";"SP";"USCU-CUS08";"";"23547"
"175";"BP";"USCU-CUS08";"";"23547"
"175";"PY";"USCU-CUS08";"";"23547"
"175";"SH";"USCU-CUS08";"";"23547"
"176";"SP";"USCU-CUS09";"";"23783"
"176";"BP";"USCU-CUS09";"";"23783"
"176";"PY";"USCU-CUS09";"";"23783"
"176";"SH";"USCU-CUS09";"";"23783"
"177";"SP";"USCU-CUS07";"";"23545"
"177";"BP";"USCU-CUS07";"";"23545"
"177";"PY";"USCU-CUS07";"";"23545"
"177";"SH";"USCU-CUS07";"";"23545"
"178";"SP";"USCU-CUS08";"";"23547"
"178";"BP";"USCU-CUS08";"";"23547"
"178";"PY";"USCU-CUS08";"";"23547"
"178";"SH";"USCU-CUS08";"";"23547"
"179";"SP";"USCU-CUS09";"";"23783"
"179";"BP";"USCU-CUS09";"";"23783"
"179";"PY";"USCU-CUS09";"";"23783"
"179";"SH";"USCU-CUS09";"";"23783"
"180";"SP";"USCU-CUS07";"";"23545"
"180";"BP";"USCU-CUS07";"";"23545"
"180";"PY";"USCU-CUS07";"";"23545"
"180";"SH";"USCU-CUS07";"";"23545"
"181";"SP";"USCU-CUS08";"";"23547"
"181";"BP";"USCU-CUS08";"";"23547"
"181";"PY";"USCU-CUS08";"";"23547"
"181";"SH";"USCU-CUS08";"";"23547"
"182";"SP";"USCU-CUS09";"";"23783"
"182";"BP";"USCU-CUS09";"";"23783"
"182";"PY";"USCU-CUS09";"";"23783"
"182";"SH";"USCU-CUS09";"";"23783"
"183";"SP";"USCU-CUS07";"";"23545"
"183";"BP";"USCU-CUS07";"";"23545"
"183";"PY";"USCU-CUS07";"";"23545"
"183";"SH";"USCU-CUS07";"";"23545"
"184";"SP";"USCU-CUS08";"";"23547"
"184";"BP";"USCU-CUS08";"";"23547"
"184";"PY";"USCU-CUS08";"";"23547"
"184";"SH";"USCU-CUS08";"";"23547"
"185";"SP";"USCU-CUS09";"";"23783"
"185";"BP";"USCU-CUS09";"";"23783"
"185";"PY";"USCU-CUS09";"";"23783"
"185";"SH";"USCU-CUS09";"";"23783"
"186";"SP";"USCU-CUS07";"";"23545"
"186";"BP";"USCU-CUS07";"";"23545"
"186";"PY";"USCU-CUS07";"";"23545"
"186";"SH";"USCU-CUS07";"";"23545"
"187";"SP";"USCU-CUS08";"";"23547"
"187";"BP";"USCU-CUS08";"";"23547"
"187";"PY";"USCU-CUS08";"";"23547"
"187";"SH";"USCU-CUS08";"";"23547"
"188";"SP";"USCU-CUS09";"";"23783"
"188";"BP";"USCU-CUS09";"";"23783"
"188";"PY";"USCU-CUS09";"";"23783"
"188";"SH";"USCU-CUS09";"";"23783"
"189";"SP";"USCU-CUS07";"";"23545"
"189";"BP";"USCU-CUS07";"";"23545"
"189";"PY";"USCU-CUS07";"";"23545"
"189";"SH";"USCU-CUS07";"";"23545"
"190";"SP";"USCU-CUS08";"";"23547"
"190";"BP";"USCU-CUS08";"";"23547"
"190";"PY";"USCU-CUS08";"";"23547"
"190";"SH";"USCU-CUS08";"";"23547"
"191";"SP";"USCU-CUS09";"";"23783"
"191";"BP";"USCU-CUS09";"";"23783"
"191";"PY";"USCU-CUS09";"";"23783"
"191";"SH";"USCU-CUS09";"";"23783"
"192";"SP";"USCU-CUS07";"";"23545"
"192";"BP";"USCU-CUS07";"";"23545"
"192";"PY";"USCU-CUS07";"";"23545"
"192";"SH";"USCU-CUS07";"";"23545"
"193";"SP";"USCU-CUS08";"";"23547"
"193";"BP";"USCU-CUS08";"";"23547"
"193";"PY";"USCU-CUS08";"";"23547"
"193";"SH";"USCU-CUS08";"";"23547"
"194";"SP";"USCU-CUS09";"";"23783"
"194";"BP";"USCU-CUS09";"";"23783"
"194";"PY";"USCU-CUS09";"";"23783"
"194";"SH";"USCU-CUS09";"";"23783"
"195";"SP";"USCU-CUS07";"";"23545"
"195";"BP";"USCU-CUS07";"";"23545"
"195";"PY";"USCU-CUS07";"";"23545"
"195";"SH";"USCU-CUS07";"";"23545"
"196";"SP";"USCU-CUS08";"";"23547"
"196";"BP";"USCU-CUS08";"";"23547"
"196";"PY";"USCU-CUS08";"";"23547"
"196";"SH";"USCU-CUS08";"";"23547"
"197";"SP";"USCU-CUS09";"";"23783"
"197";"BP";"USCU-CUS09";"";"23783"
"197";"PY";"USCU-CUS09";"";"23783"
"197";"SH";"USCU-CUS09";"";"23783"
"198";"SP";"USCU-CUS07";"";"23545"
"198";"BP";"USCU-CUS07";"";"23545"
"198";"PY";"USCU-CUS07";"";"23545"
"198";"SH";"USCU-CUS07";"";"23545"
"199";"SP";"USCU-CUS08";"";"23547"
"199";"BP";"USCU-CUS08";"";"23547"
"199";"PY";"USCU-CUS08";"";"23547"
"199";"SH";"USCU-CUS08";"";"23547"
"200";"SP";"USCU-CUS09";"";"23783"
"200";"BP";"USCU-CUS09";"";"23783"
"200";"PY";"USCU-CUS09";"";"23783"
"200";"SH";"USCU-CUS09";"";"23783"
"201";"SP";"USCU-CUS07";"";"23545"
"201";"BP";"USCU-CUS07";"";"23545"
"201";"PY";"USCU-CUS07";"";"23545"
"201";"SH";"USCU-CUS07";"";"23545"
"202";"SP";"USCU-CUS08";"";"23547"
"202";"BP";"USCU-CUS08";"";"23547"
"202";"PY";"USCU-CUS08";"";"23547"
"202";"SH";"USCU-CUS08";"";"23547"
"203";"SP";"USCU-CUS09";"";"23783"
"203";"BP";"USCU-CUS09";"";"23783"
"203";"PY";"USCU-CUS09";"";"23783"
"203";"SH";"USCU-CUS09";"";"23783"
"204";"SP";"USCU-CUS07";"";"23545"
"204";"BP";"USCU-CUS07";"";"23545"
"204";"PY";"USCU-CUS07";"";"23545"
"204";"SH";"USCU-CUS07";"";"23545"
"205";"SP";"USCU-CUS08";"";"23547"
"205";"BP";"USCU-CUS08";"";"23547"
"205";"PY";"USCU-CUS08";"";"23547"
"205";"SH";"USCU-CUS08";"";"23547"
"206";"SP";"USCU-CUS09";"";"23783"
"206";"BP";"USCU-CUS09";"";"23783"
"206";"PY";"USCU-CUS09";"";"23783"
"206";"SH";"USCU-CUS09";"";"23783"
"207";"SP";"USCU-CUS07";"";"23545"
"207";"BP";"USCU-CUS07";"";"23545"
"207";"PY";"USCU-CUS07";"";"23545"
"207";"SH";"USCU-CUS07";"";"23545"
"208";"SP";"USCU-CUS08";"";"23547"
"208";"BP";"USCU-CUS08";"";"23547"
"208";"PY";"USCU-CUS08";"";"23547"
"208";"SH";"USCU-CUS08";"";"23547"
"209";"SP";"USCU-CUS09";"";"23783"
"209";"BP";"USCU-CUS09";"";"23783"
"209";"PY";"USCU-CUS09";"";"23783"
"209";"SH";"USCU-CUS09";"";"23783"
"210";"SP";"USCU-CUS07";"";"23545"
"210";"BP";"USCU-CUS07";"";"23545"
"210";"PY";"USCU-CUS07";"";"23545"
"210";"SH";"USCU-CUS07";"";"23545"
"211";"SP";"USCU-CUS08";"";"23547"
"211";"BP";"USCU-CUS08";"";"23547"
"211";"PY";"USCU-CUS08";"";"23547"
"211";"SH";"USCU-CUS08";"";"23547"
"212";"SP";"USCU-CUS09";"";"23783"
"212";"BP";"USCU-CUS09";"";"23783"
"212";"PY";"USCU-CUS09";"";"23783"
"212";"SH";"USCU-CUS09";"";"23783"
"213";"SP";"USCU-CUS07";"";"23545"
"213";"BP";"USCU-CUS07";"";"23545"
"213";"PY";"USCU-CUS07";"";"23545"
"213";"SH";"USCU-CUS07";"";"23545"
"214";"SP";"USCU-CUS08";"";"23547"
"214";"BP";"USCU-CUS08";"";"23547"
"214";"PY";"USCU-CUS08";"";"23547"
"214";"SH";"USCU-CUS08";"";"23547"
"215";"SP";"USCU-CUS09";"";"23783"
"215";"BP";"USCU-CUS09";"";"23783"
"215";"PY";"USCU-CUS09";"";"23783"
"215";"SH";"USCU-CUS09";"";"23783"
"216";"SP";"USCU-CUS07";"";"23545"
"216";"BP";"USCU-CUS07";"";"23545"
"216";"PY";"USCU-CUS07";"";"23545"
"216";"SH";"USCU-CUS07";"";"23545"
"217";"SP";"USCU-CUS08";"";"23547"
"217";"BP";"USCU-CUS08";"";"23547"
"217";"PY";"USCU-CUS08";"";"23547"
"217";"SH";"USCU-CUS08";"";"23547"
"218";"SP";"USCU-CUS09";"";"23783"
"218";"BP";"USCU-CUS09";"";"23783"
"218";"PY";"USCU-CUS09";"";"23783"
"218";"SH";"USCU-CUS09";"";"23783"
"219";"SP";"USCU-CUS07";"";"23545"
"219";"BP";"USCU-CUS07";"";"23545"
"219";"PY";"USCU-CUS07";"";"23545"
"219";"SH";"USCU-CUS07";"";"23545"
"220";"SP";"USCU-CUS08";"";"23547"
"220";"BP";"USCU-CUS08";"";"23547"
"220";"PY";"USCU-CUS08";"";"23547"
"220";"SH";"USCU-CUS08";"";"23547"
"221";"SP";"USCU-CUS09";"";"23783"
"221";"BP";"USCU-CUS09";"";"23783"
"221";"PY";"USCU-CUS09";"";"23783"
"221";"SH";"USCU-CUS09";"";"23783"
"222";"SP";"USCU-CUS07";"";"23545"
"222";"BP";"USCU-CUS07";"";"23545"
"222";"PY";"USCU-CUS07";"";"23545"
"222";"SH";"USCU-CUS07";"";"23545"
"223";"SP";"USCU-CUS08";"";"23547"
"223";"BP";"USCU-CUS08";"";"23547"
"223";"PY";"USCU-CUS08";"";"23547"
"223";"SH";"USCU-CUS08";"";"23547"
"224";"SP";"USCU-CUS09";"";"23783"
"224";"BP";"USCU-CUS09";"";"23783"
"224";"PY";"USCU-CUS09";"";"23783"
"224";"SH";"USCU-CUS09";"";"23783"
"225";"SP";"USCU-CUS07";"";"23545"
"225";"BP";"USCU-CUS07";"";"23545"
"225";"PY";"USCU-CUS07";"";"23545"
"225";"SH";"USCU-CUS07";"";"23545"
"226";"SP";"USCU-CUS08";"";"23547"
"226";"BP";"USCU-CUS08";"";"23547"
"226";"PY";"USCU-CUS08";"";"23547"
"226";"SH";"USCU-CUS08";"";"23547"
"227";"SP";"USCU-CUS09";"";"23783"
"227";"BP";"USCU-CUS09";"";"23783"
"227";"PY";"USCU-CUS09";"";"23783"
"227";"SH";"USCU-CUS09";"";"23783"
"228";"SP";"USCU-CUS07";"";"23545"
"228";"BP";"USCU-CUS07";"";"23545"
"228";"PY";"USCU-CUS07";"";"23545"
"228";"SH";"USCU-CUS07";"";"23545"
"229";"SP";"USCU-CUS08";"";"23547"
"229";"BP";"USCU-CUS08";"";"23547"
"229";"PY";"USCU-CUS08";"";"23547"
"229";"SH";"USCU-CUS08";"";"23547"
"230";"SP";"USCU-CUS09";"";"23783"
"230";"BP";"USCU-CUS09";"";"23783"
"230";"PY";"USCU-CUS09";"";"23783"
"230";"SH";"USCU-CUS09";"";"23783"
"231";"SP";"USCU-CUS07";"";"23545"
"231";"BP";"USCU-CUS07";"";"23545"
"231";"PY";"USCU-CUS07";"";"23545"
"231";"SH";"USCU-CUS07";"";"23545"
"232";"SP";"USCU-CUS08";"";"23547"
"232";"BP";"USCU-CUS08";"";"23547"
"232";"PY";"USCU-CUS08";"";"23547"
"232";"SH";"USCU-CUS08";"";"23547"
"233";"SP";"USCU-CUS09";"";"23783"
"233";"BP";"USCU-CUS09";"";"23783"
"233";"PY";"USCU-CUS09";"";"23783"
"233";"SH";"USCU-CUS09";"";"23783"
"234";"SP";"USCU-CUS07";"";"23545"
"234";"BP";"USCU-CUS07";"";"23545"
"234";"PY";"USCU-CUS07";"";"23545"
"234";"SH";"USCU-CUS07";"";"23545"
"235";"SP";"USCU-CUS08";"";"23547"
"235";"BP";"USCU-CUS08";"";"23547"
"235";"PY";"USCU-CUS08";"";"23547"
"235";"SH";"USCU-CUS08";"";"23547"
"236";"SP";"USCU-CUS09";"";"23783"
"236";"BP";"USCU-CUS09";"";"23783"
"236";"PY";"USCU-CUS09";"";"23783"
"236";"SH";"USCU-CUS09";"";"23783"
"237";"SP";"USCU-CUS07";"";"23545"
"237";"BP";"USCU-CUS07";"";"23545"
"237";"PY";"USCU-CUS07";"";"23545"
"237";"SH";"USCU-CUS07";"";"23545"
"238";"SP";"USCU-CUS08";"";"23547"
"238";"BP";"USCU-CUS08";"";"23547"
"238";"PY";"USCU-CUS08";"";"23547"
"238";"SH";"USCU-CUS08";"";"23547"
"239";"SP";"USCU-CUS09";"";"23783"
"239";"BP";"USCU-CUS09";"";"23783"
"239";"PY";"USCU-CUS09";"";"23783"
"239";"SH";"USCU-CUS09";"";"23783"
"240";"SP";"USCU-CUS07";"";"23545"
"240";"BP";"USCU-CUS07";"";"23545"
"240";"PY";"USCU-CUS07";"";"23545"
"240";"SH";"USCU-CUS07";"";"23545"
"241";"SP";"USCU-CUS08";"";"23547"
"241";"BP";"USCU-CUS08";"";"23547"
"241";"PY";"USCU-CUS08";"";"23547"
"241";"SH";"USCU-CUS08";"";"23547"
"242";"SP";"USCU-CUS09";"";"23783"
"242";"BP";"USCU-CUS09";"";"23783"
"242";"PY";"USCU-CUS09";"";"23783"
"242";"SH";"USCU-CUS09";"";"23783"
"243";"SP";"USCU-CUS07";"";"23545"
"243";"BP";"USCU-CUS07";"";"23545"
"243";"PY";"USCU-CUS07";"";"23545"
"243";"SH";"USCU-CUS07";"";"23545"
"347";"SP";"17100001";"";"22900"
"347";"BP";"17100001";"";"22900"
"347";"PY";"17100001";"";"22900"
"347";"SH";"17100001";"";"22900"
"348";"SP";"USCU-CUS07";"";"23545"
"348";"BP";"USCU-CUS07";"";"23545"
"348";"PY";"USCU-CUS07";"";"23545"
"348";"SH";"USCU-CUS07";"";"23545"
"349";"SP";"USCU-CUS07";"";"23545"
"349";"BP";"USCU-CUS07";"";"23545"
"349";"PY";"USCU-CUS07";"";"23545"
"349";"SH";"USCU-CUS07";"";"23545"
"354";"SP";"17100001";"";"22900"
"354";"BP";"17100001";"";"22900"
"354";"PY";"17100001";"";"22900"
"354";"SH";"17100001";"";"22900"
"355";"SP";"17100001";"";"22900"
"355";"BP";"17100001";"";"22900"
"355";"PY";"17100001";"";"22900"
"355";"SH";"17100001";"";"22900"
"357";"SP";"17100001";"";"22900"
"357";"BP";"17100001";"";"22900"
"357";"PY";"17100001";"";"22900"
"357";"SH";"17100001";"";"22900"
"358";"SP";"17100001";"";"22900"
"358";"BP";"17100001";"";"22900"
"358";"PY";"17100001";"";"22900"
"358";"SH";"17100001";"";"22900"
"361";"SP";"17100001";"";"22900"
"361";"BP";"17100001";"";"22900"
"361";"PY";"17100001";"";"22900"
"361";"SH";"17100001";"";"22900"
"363";"SP";"USCU-CUS07";"";"23545"
"363";"BP";"USCU-CUS07";"";"23545"
"363";"PY";"USCU-CUS07";"";"23545"
"363";"SH";"USCU-CUS07";"";"23545"
"364";"SP";"USCU-CUS07";"";"23545"
"364";"BP";"USCU-CUS07";"";"23545"
"364";"PY";"USCU-CUS07";"";"23545"
"364";"SH";"USCU-CUS07";"";"23545"
"365";"SP";"USCU-CUS07";"";"23545"
"365";"BP";"USCU-CUS07";"";"23545"
"365";"PY";"USCU-CUS07";"";"23545"
"365";"SH";"USCU-CUS07";"";"23545"
"368";"SP";"USCU-CUS07";"";"23545"
"368";"BP";"USCU-CUS07";"";"23545"
"368";"PY";"USCU-CUS07";"";"23545"
"368";"SH";"USCU-CUS07";"";"23545"
"371";"SP";"USCU_L01";"";"23976"
"371";"BP";"USCU_L01";"";"23976"
"371";"PY";"USCU_L01";"";"23976"
"371";"SH";"USCU_L01";"";"23976"
"372";"SP";"USCU_L03";"";"23978"
"372";"BP";"USCU_L03";"";"23978"
"372";"PY";"USCU_L03";"";"23978"
"372";"SH";"USCU_L03";"";"23978"
"373";"SP";"USCU_L07";"";"23982"
"373";"BP";"USCU_L07";"";"23982"
"373";"PY";"USCU_L07";"";"23982"
"373";"SH";"USCU_L07";"";"23982"
"374";"SP";"USCU_L09";"";"23984"
"374";"BP";"USCU_L09";"";"23984"
"374";"PY";"USCU_L09";"";"23984"
"374";"SH";"USCU_L09";"";"23984"
"375";"SP";"USCU_L07";"";"23982"
"375";"BP";"USCU_L07";"";"23982"
"375";"PY";"USCU_L07";"";"23982"
"375";"SH";"USCU_L07";"";"23982"
"376";"SP";"USCU_L02";"";"23977"
"376";"BP";"USCU_L02";"";"23977"
"376";"PY";"USCU_L02";"";"23977"
"376";"SH";"USCU_L02";"";"23977"
"377";"SP";"USCU_L03";"";"23978"
"377";"BP";"USCU_L03";"";"23978"
"377";"PY";"USCU_L03";"";"23978"
"377";"SH";"USCU_L03";"";"23978"
"378";"SP";"USCU_L06";"";"23981"
"378";"BP";"USCU_L06";"";"23981"
"378";"PY";"USCU_L06";"";"23981"
"378";"SH";"USCU_L06";"";"23981"
"379";"SP";"USCU_L09";"";"23984"
"379";"BP";"USCU_L09";"";"23984"
"379";"PY";"USCU_L09";"";"23984"
"379";"SH";"USCU_L09";"";"23984"
"380";"SP";"USCU_S16";"";"24001"
"380";"BP";"USCU_S16";"";"24001"
"380";"PY";"USCU_S16";"";"24001"
"380";"SH";"USCU_S16";"";"24001"
"381";"SP";"USCU_L10";"";"23985"
"381";"BP";"USCU_L10";"";"23985"
"381";"PY";"USCU_L10";"";"23985"
"381";"SH";"USCU_L10";"";"23985"
"382";"SP";"USCU_S07";"";"23992"
"382";"BP";"USCU_S07";"";"23992"
"382";"PY";"USCU_S07";"";"23992"
"382";"SH";"USCU_S07";"";"23992"
"383";"SP";"USCU_L03";"";"23978"
"383";"BP";"USCU_L03";"";"23978"
"383";"PY";"USCU_L03";"";"23978"
"383";"SH";"USCU_L03";"";"23978"
"384";"SP";"USCU_L09";"";"23984"
"384";"BP";"USCU_L09";"";"23984"
"384";"PY";"USCU_L09";"";"23984"
"384";"SH";"USCU_L09";"";"23984"
"385";"SP";"USCU_L10";"";"23985"
"385";"BP";"USCU_L10";"";"23985"
"385";"PY";"USCU_L10";"";"23985"
"385";"SH";"USCU_L10";"";"23985"
"386";"SP";"USCU_L02";"";"23977"
"386";"BP";"USCU_L02";"";"23977"
"386";"PY";"USCU_L02";"";"23977"
"386";"SH";"USCU_L02";"";"23977"
"387";"SP";"USCU_S03";"";"23988"
"387";"BP";"USCU_S03";"";"23988"
"387";"PY";"USCU_S03";"";"23988"
"387";"SH";"USCU_S03";"";"23988"
"388";"SP";"USCU_S09";"";"23994"
"388";"BP";"USCU_S09";"";"23994"
"388";"PY";"USCU_S09";"";"23994"
"388";"SH";"USCU_S09";"";"23994"
"389";"SP";"USCU_L05";"";"23980"
"389";"BP";"USCU_L05";"";"23980"
"389";"PY";"USCU_L05";"";"23980"
"389";"SH";"USCU_L05";"";"23980"
"390";"SP";"USCU_S16";"";"24001"
"390";"BP";"USCU_S16";"";"24001"
"390";"PY";"USCU_S16";"";"24001"
"390";"SH";"USCU_S16";"";"24001"
"391";"SP";"USCU_L07";"";"23982"
"391";"BP";"USCU_L07";"";"23982"
"391";"PY";"USCU_L07";"";"23982"
"391";"SH";"USCU_L07";"";"23982"
"392";"SP";"USCU_S03";"";"23988"
"392";"BP";"USCU_S03";"";"23988"
"392";"PY";"USCU_S03";"";"23988"
"392";"SH";"USCU_S03";"";"23988"
"393";"SP";"USCU_S10";"";"23995"
"393";"BP";"USCU_S10";"";"23995"
"393";"PY";"USCU_S10";"";"23995"
"393";"SH";"USCU_S10";"";"23995"
"394";"SP";"USCU_L01";"";"23976"
"394";"BP";"USCU_L01";"";"23976"
"394";"PY";"USCU_L01";"";"23976"
"394";"SH";"USCU_L01";"";"23976"
"395";"SP";"USCU_S07";"";"23992"
"395";"BP";"USCU_S07";"";"23992"
"395";"PY";"USCU_S07";"";"23992"
"395";"SH";"USCU_S07";"";"23992"
"396";"SP";"USCU_L01";"";"23976"
"396";"BP";"USCU_L01";"";"23976"
"396";"PY";"USCU_L01";"";"23976"
"396";"SH";"USCU_L01";"";"23976"
"397";"SP";"USCU_S16";"";"24001"
"397";"BP";"USCU_S16";"";"24001"
"397";"PY";"USCU_S16";"";"24001"
"397";"SH";"USCU_S16";"";"24001"
"398";"SP";"USCU_L04";"";"23979"
"398";"BP";"USCU_L04";"";"23979"
"398";"PY";"USCU_L04";"";"23979"
"398";"SH";"USCU_L04";"";"23979"
"399";"SP";"USCU_L09";"";"23984"
"399";"BP";"USCU_L09";"";"23984"
"399";"PY";"USCU_L09";"";"23984"
"399";"SH";"USCU_L09";"";"23984"
"400";"SP";"USCU_S02";"";"23987"
"400";"BP";"USCU_S02";"";"23987"
"400";"PY";"USCU_S02";"";"23987"
"400";"SH";"USCU_S02";"";"23987"
"401";"SP";"USCU_L03";"";"23978"
"401";"BP";"USCU_L03";"";"23978"
"401";"PY";"USCU_L03";"";"23978"
"401";"SH";"USCU_L03";"";"23978"
"402";"SP";"USCU_S15";"";"24000"
"402";"BP";"USCU_S15";"";"24000"
"402";"PY";"USCU_S15";"";"24000"
"402";"SH";"USCU_S15";"";"24000"
"403";"SP";"USCU_L05";"";"23980"
"403";"BP";"USCU_L05";"";"23980"
"403";"PY";"USCU_L05";"";"23980"
"403";"SH";"USCU_L05";"";"23980"
"404";"SP";"USCU_S04";"";"23989"
"404";"BP";"USCU_S04";"";"23989"
"404";"PY";"USCU_S04";"";"23989"
"404";"SH";"USCU_S04";"";"23989"
"405";"SP";"USCU_L10";"";"23985"
"405";"BP";"USCU_L10";"";"23985"
"405";"PY";"USCU_L10";"";"23985"
"405";"SH";"USCU_L10";"";"23985"
"406";"SP";"USCU_S16";"";"24001"
"406";"BP";"USCU_S16";"";"24001"
"406";"PY";"USCU_S16";"";"24001"
"406";"SH";"USCU_S16";"";"24001"
"407";"SP";"USCU_L09";"";"23984"
"407";"BP";"USCU_L09";"";"23984"
"407";"PY";"USCU_L09";"";"23984"
"407";"SH";"USCU_L09";"";"23984"
"408";"SP";"USCU_S03";"";"23988"
"408";"BP";"USCU_S03";"";"23988"
"408";"PY";"USCU_S03";"";"23988"
"408";"SH";"USCU_S03";"";"23988"
"409";"SP";"USCU_S12";"";"23997"
"409";"BP";"USCU_S12";"";"23997"
"409";"PY";"USCU_S12";"";"23997"
"409";"SH";"USCU_S12";"";"23997"
"410";"SP";"USCU_L08";"";"23983"
"410";"BP";"USCU_L08";"";"23983"
"410";"PY";"USCU_L08";"";"23983"
"410";"SH";"USCU_L08";"";"23983"
"411";"SP";"USCU_S15";"";"24000"
"411";"BP";"USCU_S15";"";"24000"
"411";"PY";"USCU_S15";"";"24000"
"411";"SH";"USCU_S15";"";"24000"
"412";"SP";"USCU_S09";"";"23994"
"412";"BP";"USCU_S09";"";"23994"
"412";"PY";"USCU_S09";"";"23994"
"412";"SH";"USCU_S09";"";"23994"
"413";"SP";"USCU_S02";"";"23987"
"413";"BP";"USCU_S02";"";"23987"
"413";"PY";"USCU_S02";"";"23987"
"413";"SH";"USCU_S02";"";"23987"
"414";"SP";"USCU_L07";"";"23982"
"414";"BP";"USCU_L07";"";"23982"
"414";"PY";"USCU_L07";"";"23982"
"414";"SH";"USCU_L07";"";"23982"